,pid,uniqid
0,uid_000001,"2021-05-04_16:27:33,239835"
1,uid_000002,"2021-05-04_16:27:33,239928"
2,uid_000003,"2021-05-04_16:27:33,239944"
3,uid_000004,"2021-05-04_16:27:33,239953"
4,uid_000005,"2021-05-04_16:27:33,239961"
5,uid_000006,"2021-05-04_16:27:33,239969"
6,uid_000007,"2021-05-04_16:27:33,239976"
7,uid_000008,"2021-05-04_16:27:33,239983"
8,uid_000009,"2021-05-04_16:27:33,239990"
9,uid_000010,"2021-05-04_16:27:33,239997"
10,uid_000011,"2021-05-04_16:27:33,240005"
11,uid_000012,"2021-05-04_16:27:33,240012"
12,uid_000013,"2021-05-04_16:27:33,240019"
13,uid_000014,"2021-05-04_16:27:33,240026"
14,uid_000015,"2021-05-04_16:27:33,240033"
15,uid_000016,"2021-05-04_16:27:33,240040"
16,uid_000017,"2021-05-04_16:27:33,240047"
17,uid_000018,"2021-05-04_16:27:33,240054"
18,uid_000019,"2021-05-04_16:27:33,240064"
19,uid_000020,"2021-05-04_16:27:33,240071"
