pid,uniqid,hgvs_variant,omim_number,hgnc_code
uid_000001,"2021-04-28_09:41:41,847928",NM_004006.3:c.4375C>T,192977,HGNC:12698
uid_000002,"2021-04-28_09:41:41,848006",NM_004006.3:c.4375C>T,192977,HGNC:12698
uid_000003,"2021-04-28_09:41:41,848022",NM_001129728.2:c.5657_5660inv,609526,HGNC:24501
uid_000004,"2021-04-28_09:41:41,848031",NM_001129728.2:c.5657_5660inv,609526,HGNC:24501
uid_000005,"2021-04-28_09:41:41,848041",NM_004006.3:c.4375C>T,192977,HGNC:12698
uid_000006,"2021-04-28_09:41:41,848048",NM_004006.3:c.4375C>T,192977,HGNC:12698
uid_000007,"2021-04-28_09:41:41,848056",NM_004006.3:c.4375C>T,192977,HGNC:12698
uid_000008,"2021-04-28_09:41:41,848063",NM_004006.3:c.4375C>T,192977,HGNC:12698
uid_000009,"2021-04-28_09:41:41,848070",NM_004006.3:c.4375C>T,192977,HGNC:12698
uid_000010,"2021-04-28_09:41:41,848078",NM_001129728.2:c.5657_5660inv,609526,HGNC:24501
uid_000011,"2021-04-28_09:41:41,848085",NM_001129728.2:c.5657_5660inv,609526,HGNC:24501
uid_000012,"2021-04-28_09:41:41,848092",NM_033064.5:c.54G>H,608179,HGNC:779
uid_000013,"2021-04-28_09:41:41,848099",NM_004006.3:c.4375C>T,192977,HGNC:12698
uid_000014,"2021-04-28_09:41:41,848106",NM_001129728.2:c.5657_5660inv,609526,HGNC:24501
uid_000015,"2021-04-28_09:41:41,848116",NM_004006.3:c.4375C>T,192977,HGNC:12698
uid_000016,"2021-04-28_09:41:41,848123",NM_004006.3:c.4375C>T,192977,HGNC:12698
uid_000017,"2021-04-28_09:41:41,848131",NM_004006.3:c.4375C>T,192977,HGNC:12698
uid_000018,"2021-04-28_09:41:41,848138",NM_001129728.2:c.5657_5660inv,609526,HGNC:24501
uid_000019,"2021-04-28_09:41:41,848145",NM_004006.3:c.4375C>T,192977,HGNC:12698
uid_000020,"2021-04-28_09:41:41,848152",NM_004006.3:c.4375C>T,192977,HGNC:12698
